Date,Platform,Product Handle,Product Title,Content Angle,Hook,Script / Caption,CTA,Hashtags,UTM URL,Asset Needed,Status
2026-06-04,Pinterest,lavender-clarity-crystal-bracelet,Lavender Crystal Beaded Bracelet | Stackable Purple Jewelry,stackable bracelet,A small purple bracelet detail that changes the whole outfit,Lavender Crystal Beaded Bracelet | Stackable Purple Jewelry styled as stackable bracelet. Save this idea for simple everyday jewelry inspiration.,Save this jewelry styling idea,#MandalaJewels #CrystalBracelet #PurpleBracelet #BeadedBracelet #StackableBracelet #GiftForHer #EverydayJewelry,https://mandalajewelshop.com/products/lavender-clarity-crystal-bracelet?utm_source=pinterest&utm_medium=organic_social&utm_campaign=active_exposure&utm_content=stackable_bracelet,Vertical pin image: product close-up plus outfit detail,Draft
2026-06-05,Pinterest,lavender-clarity-crystal-bracelet,Lavender Crystal Beaded Bracelet | Stackable Purple Jewelry,everyday jewelry,Three ways to style a stackable purple bracelet,Lavender Crystal Beaded Bracelet | Stackable Purple Jewelry styled as everyday jewelry. Save this idea for simple everyday jewelry inspiration.,Save this jewelry styling idea,#MandalaJewels #CrystalBracelet #PurpleBracelet #BeadedBracelet #StackableBracelet #GiftForHer #EverydayJewelry,https://mandalajewelshop.com/products/lavender-clarity-crystal-bracelet?utm_source=pinterest&utm_medium=organic_social&utm_campaign=active_exposure&utm_content=everyday_jewelry,Vertical pin image: product close-up plus outfit detail,Draft
2026-06-06,Pinterest,lavender-clarity-crystal-bracelet,Lavender Crystal Beaded Bracelet | Stackable Purple Jewelry,purple bracelet,The everyday bracelet that makes a simple look feel finished,Lavender Crystal Beaded Bracelet | Stackable Purple Jewelry styled as purple bracelet. Save this idea for simple everyday jewelry inspiration.,Save this jewelry styling idea,#MandalaJewels #CrystalBracelet #PurpleBracelet #BeadedBracelet #StackableBracelet #GiftForHer #EverydayJewelry,https://mandalajewelshop.com/products/lavender-clarity-crystal-bracelet?utm_source=pinterest&utm_medium=organic_social&utm_campaign=active_exposure&utm_content=purple_bracelet,Vertical pin image: product close-up plus outfit detail,Draft
2026-06-07,Pinterest,lavender-clarity-crystal-bracelet,Lavender Crystal Beaded Bracelet | Stackable Purple Jewelry,gift for her,A small purple bracelet detail that changes the whole outfit,Lavender Crystal Beaded Bracelet | Stackable Purple Jewelry styled as gift for her. Save this idea for simple everyday jewelry inspiration.,Save this jewelry styling idea,#MandalaJewels #CrystalBracelet #PurpleBracelet #BeadedBracelet #StackableBracelet #GiftForHer #EverydayJewelry,https://mandalajewelshop.com/products/lavender-clarity-crystal-bracelet?utm_source=pinterest&utm_medium=organic_social&utm_campaign=active_exposure&utm_content=gift_for_her,Vertical pin image: product close-up plus outfit detail,Draft
2026-06-08,Pinterest,lavender-clarity-crystal-bracelet,Lavender Crystal Beaded Bracelet | Stackable Purple Jewelry,outfit detail,Three ways to style a stackable purple bracelet,Lavender Crystal Beaded Bracelet | Stackable Purple Jewelry styled as outfit detail. Save this idea for simple everyday jewelry inspiration.,Save this jewelry styling idea,#MandalaJewels #CrystalBracelet #PurpleBracelet #BeadedBracelet #StackableBracelet #GiftForHer #EverydayJewelry,https://mandalajewelshop.com/products/lavender-clarity-crystal-bracelet?utm_source=pinterest&utm_medium=organic_social&utm_campaign=active_exposure&utm_content=outfit_detail,Vertical pin image: product close-up plus outfit detail,Draft
2026-06-17,Pinterest,obsidian-glow-crystal-bracelet,Obsidian Glow Beaded Bracelet | Black & Purple Crystal Jewelry,outfit detail,A small purple bracelet detail that changes the whole outfit,Obsidian Glow Beaded Bracelet | Black & Purple Crystal Jewelry styled as outfit detail. Save this idea for simple everyday jewelry inspiration.,Save this jewelry styling idea,#MandalaJewels #CrystalBracelet #PurpleBracelet #BeadedBracelet #StackableBracelet #GiftForHer #EverydayJewelry,https://mandalajewelshop.com/products/obsidian-glow-crystal-bracelet?utm_source=pinterest&utm_medium=organic_social&utm_campaign=active_exposure&utm_content=outfit_detail,Vertical pin image: product close-up plus outfit detail,Draft
2026-06-18,Pinterest,obsidian-glow-crystal-bracelet,Obsidian Glow Beaded Bracelet | Black & Purple Crystal Jewelry,stackable bracelet,Three ways to style a stackable purple bracelet,Obsidian Glow Beaded Bracelet | Black & Purple Crystal Jewelry styled as stackable bracelet. Save this idea for simple everyday jewelry inspiration.,Save this jewelry styling idea,#MandalaJewels #CrystalBracelet #PurpleBracelet #BeadedBracelet #StackableBracelet #GiftForHer #EverydayJewelry,https://mandalajewelshop.com/products/obsidian-glow-crystal-bracelet?utm_source=pinterest&utm_medium=organic_social&utm_campaign=active_exposure&utm_content=stackable_bracelet,Vertical pin image: product close-up plus outfit detail,Draft
2026-06-19,Pinterest,obsidian-glow-crystal-bracelet,Obsidian Glow Beaded Bracelet | Black & Purple Crystal Jewelry,everyday jewelry,The everyday bracelet that makes a simple look feel finished,Obsidian Glow Beaded Bracelet | Black & Purple Crystal Jewelry styled as everyday jewelry. Save this idea for simple everyday jewelry inspiration.,Save this jewelry styling idea,#MandalaJewels #CrystalBracelet #PurpleBracelet #BeadedBracelet #StackableBracelet #GiftForHer #EverydayJewelry,https://mandalajewelshop.com/products/obsidian-glow-crystal-bracelet?utm_source=pinterest&utm_medium=organic_social&utm_campaign=active_exposure&utm_content=everyday_jewelry,Vertical pin image: product close-up plus outfit detail,Draft
2026-06-20,Pinterest,obsidian-glow-crystal-bracelet,Obsidian Glow Beaded Bracelet | Black & Purple Crystal Jewelry,purple bracelet,A small purple bracelet detail that changes the whole outfit,Obsidian Glow Beaded Bracelet | Black & Purple Crystal Jewelry styled as purple bracelet. Save this idea for simple everyday jewelry inspiration.,Save this jewelry styling idea,#MandalaJewels #CrystalBracelet #PurpleBracelet #BeadedBracelet #StackableBracelet #GiftForHer #EverydayJewelry,https://mandalajewelshop.com/products/obsidian-glow-crystal-bracelet?utm_source=pinterest&utm_medium=organic_social&utm_campaign=active_exposure&utm_content=purple_bracelet,Vertical pin image: product close-up plus outfit detail,Draft
2026-06-21,Pinterest,obsidian-glow-crystal-bracelet,Obsidian Glow Beaded Bracelet | Black & Purple Crystal Jewelry,gift for her,Three ways to style a stackable purple bracelet,Obsidian Glow Beaded Bracelet | Black & Purple Crystal Jewelry styled as gift for her. Save this idea for simple everyday jewelry inspiration.,Save this jewelry styling idea,#MandalaJewels #CrystalBracelet #PurpleBracelet #BeadedBracelet #StackableBracelet #GiftForHer #EverydayJewelry,https://mandalajewelshop.com/products/obsidian-glow-crystal-bracelet?utm_source=pinterest&utm_medium=organic_social&utm_campaign=active_exposure&utm_content=gift_for_her,Vertical pin image: product close-up plus outfit detail,Draft
2026-05-31,Pinterest,violet-beaded-bracelet,Violet Beaded Bracelet | Everyday Purple Crystal Jewelry,gift for her,A small purple bracelet detail that changes the whole outfit,Violet Beaded Bracelet | Everyday Purple Crystal Jewelry styled as gift for her. Save this idea for simple everyday jewelry inspiration.,Save this jewelry styling idea,#MandalaJewels #CrystalBracelet #PurpleBracelet #BeadedBracelet #StackableBracelet #GiftForHer #EverydayJewelry,https://mandalajewelshop.com/products/violet-beaded-bracelet?utm_source=pinterest&utm_medium=organic_social&utm_campaign=active_exposure&utm_content=gift_for_her,Vertical pin image: product close-up plus outfit detail,Draft
2026-06-01,Pinterest,violet-beaded-bracelet,Violet Beaded Bracelet | Everyday Purple Crystal Jewelry,outfit detail,Three ways to style a stackable purple bracelet,Violet Beaded Bracelet | Everyday Purple Crystal Jewelry styled as outfit detail. Save this idea for simple everyday jewelry inspiration.,Save this jewelry styling idea,#MandalaJewels #CrystalBracelet #PurpleBracelet #BeadedBracelet #StackableBracelet #GiftForHer #EverydayJewelry,https://mandalajewelshop.com/products/violet-beaded-bracelet?utm_source=pinterest&utm_medium=organic_social&utm_campaign=active_exposure&utm_content=outfit_detail,Vertical pin image: product close-up plus outfit detail,Draft
2026-06-02,Pinterest,violet-beaded-bracelet,Violet Beaded Bracelet | Everyday Purple Crystal Jewelry,stackable bracelet,The everyday bracelet that makes a simple look feel finished,Violet Beaded Bracelet | Everyday Purple Crystal Jewelry styled as stackable bracelet. Save this idea for simple everyday jewelry inspiration.,Save this jewelry styling idea,#MandalaJewels #CrystalBracelet #PurpleBracelet #BeadedBracelet #StackableBracelet #GiftForHer #EverydayJewelry,https://mandalajewelshop.com/products/violet-beaded-bracelet?utm_source=pinterest&utm_medium=organic_social&utm_campaign=active_exposure&utm_content=stackable_bracelet,Vertical pin image: product close-up plus outfit detail,Draft
2026-06-03,Pinterest,violet-beaded-bracelet,Violet Beaded Bracelet | Everyday Purple Crystal Jewelry,everyday jewelry,A small purple bracelet detail that changes the whole outfit,Violet Beaded Bracelet | Everyday Purple Crystal Jewelry styled as everyday jewelry. Save this idea for simple everyday jewelry inspiration.,Save this jewelry styling idea,#MandalaJewels #CrystalBracelet #PurpleBracelet #BeadedBracelet #StackableBracelet #GiftForHer #EverydayJewelry,https://mandalajewelshop.com/products/violet-beaded-bracelet?utm_source=pinterest&utm_medium=organic_social&utm_campaign=active_exposure&utm_content=everyday_jewelry,Vertical pin image: product close-up plus outfit detail,Draft
2026-06-04,Pinterest,violet-beaded-bracelet,Violet Beaded Bracelet | Everyday Purple Crystal Jewelry,purple bracelet,Three ways to style a stackable purple bracelet,Violet Beaded Bracelet | Everyday Purple Crystal Jewelry styled as purple bracelet. Save this idea for simple everyday jewelry inspiration.,Save this jewelry styling idea,#MandalaJewels #CrystalBracelet #PurpleBracelet #BeadedBracelet #StackableBracelet #GiftForHer #EverydayJewelry,https://mandalajewelshop.com/products/violet-beaded-bracelet?utm_source=pinterest&utm_medium=organic_social&utm_campaign=active_exposure&utm_content=purple_bracelet,Vertical pin image: product close-up plus outfit detail,Draft
2026-06-13,Pinterest,twilight-purple-beaded-bracelet,Twilight Purple Beaded Bracelet | Stackable Purple Jewelry,purple bracelet,A small purple bracelet detail that changes the whole outfit,Twilight Purple Beaded Bracelet | Stackable Purple Jewelry styled as purple bracelet. Save this idea for simple everyday jewelry inspiration.,Save this jewelry styling idea,#MandalaJewels #CrystalBracelet #PurpleBracelet #BeadedBracelet #StackableBracelet #GiftForHer #EverydayJewelry,https://mandalajewelshop.com/products/twilight-purple-beaded-bracelet?utm_source=pinterest&utm_medium=organic_social&utm_campaign=active_exposure&utm_content=purple_bracelet,Vertical pin image: product close-up plus outfit detail,Draft
2026-06-14,Pinterest,twilight-purple-beaded-bracelet,Twilight Purple Beaded Bracelet | Stackable Purple Jewelry,gift for her,Three ways to style a stackable purple bracelet,Twilight Purple Beaded Bracelet | Stackable Purple Jewelry styled as gift for her. Save this idea for simple everyday jewelry inspiration.,Save this jewelry styling idea,#MandalaJewels #CrystalBracelet #PurpleBracelet #BeadedBracelet #StackableBracelet #GiftForHer #EverydayJewelry,https://mandalajewelshop.com/products/twilight-purple-beaded-bracelet?utm_source=pinterest&utm_medium=organic_social&utm_campaign=active_exposure&utm_content=gift_for_her,Vertical pin image: product close-up plus outfit detail,Draft
2026-06-15,Pinterest,twilight-purple-beaded-bracelet,Twilight Purple Beaded Bracelet | Stackable Purple Jewelry,outfit detail,The everyday bracelet that makes a simple look feel finished,Twilight Purple Beaded Bracelet | Stackable Purple Jewelry styled as outfit detail. Save this idea for simple everyday jewelry inspiration.,Save this jewelry styling idea,#MandalaJewels #CrystalBracelet #PurpleBracelet #BeadedBracelet #StackableBracelet #GiftForHer #EverydayJewelry,https://mandalajewelshop.com/products/twilight-purple-beaded-bracelet?utm_source=pinterest&utm_medium=organic_social&utm_campaign=active_exposure&utm_content=outfit_detail,Vertical pin image: product close-up plus outfit detail,Draft
2026-06-16,Pinterest,twilight-purple-beaded-bracelet,Twilight Purple Beaded Bracelet | Stackable Purple Jewelry,stackable bracelet,A small purple bracelet detail that changes the whole outfit,Twilight Purple Beaded Bracelet | Stackable Purple Jewelry styled as stackable bracelet. Save this idea for simple everyday jewelry inspiration.,Save this jewelry styling idea,#MandalaJewels #CrystalBracelet #PurpleBracelet #BeadedBracelet #StackableBracelet #GiftForHer #EverydayJewelry,https://mandalajewelshop.com/products/twilight-purple-beaded-bracelet?utm_source=pinterest&utm_medium=organic_social&utm_campaign=active_exposure&utm_content=stackable_bracelet,Vertical pin image: product close-up plus outfit detail,Draft
2026-06-17,Pinterest,twilight-purple-beaded-bracelet,Twilight Purple Beaded Bracelet | Stackable Purple Jewelry,everyday jewelry,Three ways to style a stackable purple bracelet,Twilight Purple Beaded Bracelet | Stackable Purple Jewelry styled as everyday jewelry. Save this idea for simple everyday jewelry inspiration.,Save this jewelry styling idea,#MandalaJewels #CrystalBracelet #PurpleBracelet #BeadedBracelet #StackableBracelet #GiftForHer #EverydayJewelry,https://mandalajewelshop.com/products/twilight-purple-beaded-bracelet?utm_source=pinterest&utm_medium=organic_social&utm_campaign=active_exposure&utm_content=everyday_jewelry,Vertical pin image: product close-up plus outfit detail,Draft
2026-06-26,Pinterest,soft-lilac-beaded-bracelet,Soft Lilac Beaded Bracelet | Delicate Purple Crystal Jewelry,everyday jewelry,A small purple bracelet detail that changes the whole outfit,Soft Lilac Beaded Bracelet | Delicate Purple Crystal Jewelry styled as everyday jewelry. Save this idea for simple everyday jewelry inspiration.,Save this jewelry styling idea,#MandalaJewels #CrystalBracelet #PurpleBracelet #BeadedBracelet #StackableBracelet #GiftForHer #EverydayJewelry,https://mandalajewelshop.com/products/soft-lilac-beaded-bracelet?utm_source=pinterest&utm_medium=organic_social&utm_campaign=active_exposure&utm_content=everyday_jewelry,Vertical pin image: product close-up plus outfit detail,Draft
2026-06-27,Pinterest,soft-lilac-beaded-bracelet,Soft Lilac Beaded Bracelet | Delicate Purple Crystal Jewelry,purple bracelet,Three ways to style a stackable purple bracelet,Soft Lilac Beaded Bracelet | Delicate Purple Crystal Jewelry styled as purple bracelet. Save this idea for simple everyday jewelry inspiration.,Save this jewelry styling idea,#MandalaJewels #CrystalBracelet #PurpleBracelet #BeadedBracelet #StackableBracelet #GiftForHer #EverydayJewelry,https://mandalajewelshop.com/products/soft-lilac-beaded-bracelet?utm_source=pinterest&utm_medium=organic_social&utm_campaign=active_exposure&utm_content=purple_bracelet,Vertical pin image: product close-up plus outfit detail,Draft
2026-05-29,Pinterest,soft-lilac-beaded-bracelet,Soft Lilac Beaded Bracelet | Delicate Purple Crystal Jewelry,gift for her,The everyday bracelet that makes a simple look feel finished,Soft Lilac Beaded Bracelet | Delicate Purple Crystal Jewelry styled as gift for her. Save this idea for simple everyday jewelry inspiration.,Save this jewelry styling idea,#MandalaJewels #CrystalBracelet #PurpleBracelet #BeadedBracelet #StackableBracelet #GiftForHer #EverydayJewelry,https://mandalajewelshop.com/products/soft-lilac-beaded-bracelet?utm_source=pinterest&utm_medium=organic_social&utm_campaign=active_exposure&utm_content=gift_for_her,Vertical pin image: product close-up plus outfit detail,Draft
2026-05-30,Pinterest,soft-lilac-beaded-bracelet,Soft Lilac Beaded Bracelet | Delicate Purple Crystal Jewelry,outfit detail,A small purple bracelet detail that changes the whole outfit,Soft Lilac Beaded Bracelet | Delicate Purple Crystal Jewelry styled as outfit detail. Save this idea for simple everyday jewelry inspiration.,Save this jewelry styling idea,#MandalaJewels #CrystalBracelet #PurpleBracelet #BeadedBracelet #StackableBracelet #GiftForHer #EverydayJewelry,https://mandalajewelshop.com/products/soft-lilac-beaded-bracelet?utm_source=pinterest&utm_medium=organic_social&utm_campaign=active_exposure&utm_content=outfit_detail,Vertical pin image: product close-up plus outfit detail,Draft
2026-05-31,Pinterest,soft-lilac-beaded-bracelet,Soft Lilac Beaded Bracelet | Delicate Purple Crystal Jewelry,stackable bracelet,Three ways to style a stackable purple bracelet,Soft Lilac Beaded Bracelet | Delicate Purple Crystal Jewelry styled as stackable bracelet. Save this idea for simple everyday jewelry inspiration.,Save this jewelry styling idea,#MandalaJewels #CrystalBracelet #PurpleBracelet #BeadedBracelet #StackableBracelet #GiftForHer #EverydayJewelry,https://mandalajewelshop.com/products/soft-lilac-beaded-bracelet?utm_source=pinterest&utm_medium=organic_social&utm_campaign=active_exposure&utm_content=stackable_bracelet,Vertical pin image: product close-up plus outfit detail,Draft
2026-06-09,Pinterest,moonlit-violet-beaded-bracelet,Moonlit Violet Beaded Bracelet | Stackable Crystal Bracelet,stackable bracelet,A small purple bracelet detail that changes the whole outfit,Moonlit Violet Beaded Bracelet | Stackable Crystal Bracelet styled as stackable bracelet. Save this idea for simple everyday jewelry inspiration.,Save this jewelry styling idea,#MandalaJewels #CrystalBracelet #PurpleBracelet #BeadedBracelet #StackableBracelet #GiftForHer #EverydayJewelry,https://mandalajewelshop.com/products/moonlit-violet-beaded-bracelet?utm_source=pinterest&utm_medium=organic_social&utm_campaign=active_exposure&utm_content=stackable_bracelet,Vertical pin image: product close-up plus outfit detail,Draft
2026-06-10,Pinterest,moonlit-violet-beaded-bracelet,Moonlit Violet Beaded Bracelet | Stackable Crystal Bracelet,everyday jewelry,Three ways to style a stackable purple bracelet,Moonlit Violet Beaded Bracelet | Stackable Crystal Bracelet styled as everyday jewelry. Save this idea for simple everyday jewelry inspiration.,Save this jewelry styling idea,#MandalaJewels #CrystalBracelet #PurpleBracelet #BeadedBracelet #StackableBracelet #GiftForHer #EverydayJewelry,https://mandalajewelshop.com/products/moonlit-violet-beaded-bracelet?utm_source=pinterest&utm_medium=organic_social&utm_campaign=active_exposure&utm_content=everyday_jewelry,Vertical pin image: product close-up plus outfit detail,Draft
2026-06-11,Pinterest,moonlit-violet-beaded-bracelet,Moonlit Violet Beaded Bracelet | Stackable Crystal Bracelet,purple bracelet,The everyday bracelet that makes a simple look feel finished,Moonlit Violet Beaded Bracelet | Stackable Crystal Bracelet styled as purple bracelet. Save this idea for simple everyday jewelry inspiration.,Save this jewelry styling idea,#MandalaJewels #CrystalBracelet #PurpleBracelet #BeadedBracelet #StackableBracelet #GiftForHer #EverydayJewelry,https://mandalajewelshop.com/products/moonlit-violet-beaded-bracelet?utm_source=pinterest&utm_medium=organic_social&utm_campaign=active_exposure&utm_content=purple_bracelet,Vertical pin image: product close-up plus outfit detail,Draft
2026-06-12,Pinterest,moonlit-violet-beaded-bracelet,Moonlit Violet Beaded Bracelet | Stackable Crystal Bracelet,gift for her,A small purple bracelet detail that changes the whole outfit,Moonlit Violet Beaded Bracelet | Stackable Crystal Bracelet styled as gift for her. Save this idea for simple everyday jewelry inspiration.,Save this jewelry styling idea,#MandalaJewels #CrystalBracelet #PurpleBracelet #BeadedBracelet #StackableBracelet #GiftForHer #EverydayJewelry,https://mandalajewelshop.com/products/moonlit-violet-beaded-bracelet?utm_source=pinterest&utm_medium=organic_social&utm_campaign=active_exposure&utm_content=gift_for_her,Vertical pin image: product close-up plus outfit detail,Draft
2026-06-13,Pinterest,moonlit-violet-beaded-bracelet,Moonlit Violet Beaded Bracelet | Stackable Crystal Bracelet,outfit detail,Three ways to style a stackable purple bracelet,Moonlit Violet Beaded Bracelet | Stackable Crystal Bracelet styled as outfit detail. Save this idea for simple everyday jewelry inspiration.,Save this jewelry styling idea,#MandalaJewels #CrystalBracelet #PurpleBracelet #BeadedBracelet #StackableBracelet #GiftForHer #EverydayJewelry,https://mandalajewelshop.com/products/moonlit-violet-beaded-bracelet?utm_source=pinterest&utm_medium=organic_social&utm_campaign=active_exposure&utm_content=outfit_detail,Vertical pin image: product close-up plus outfit detail,Draft
2026-06-22,Pinterest,非洲翠水晶-diy手串发其一,African Green Quartzite Beaded Bracelet | Natural Green Stone Jewelry,gift for her,A natural green stone detail for simple everyday outfits,African Green Quartzite Beaded Bracelet | Natural Green Stone Jewelry styled as gift for her. Save this idea for simple everyday jewelry inspiration.,Save this jewelry styling idea,#MandalaJewels #AfricanGreenQuartzite #GreenQuartziteJewelry #GreenStoneJewelry #NaturalStoneAccessory #MinimalJewelry #GiftJewelry,https://mandalajewelshop.com/products/非洲翠水晶-diy手串发其一?utm_source=pinterest&utm_medium=organic_social&utm_campaign=active_exposure&utm_content=gift_for_her,Vertical pin image: product close-up plus outfit detail,Draft
2026-06-23,Pinterest,非洲翠水晶-diy手串发其一,African Green Quartzite Beaded Bracelet | Natural Green Stone Jewelry,natural stone accessory,style African Green Quartzite without overthinking it,African Green Quartzite Beaded Bracelet | Natural Green Stone Jewelry styled as natural stone accessory. Save this idea for simple everyday jewelry inspiration.,Save this jewelry styling idea,#MandalaJewels #AfricanGreenQuartzite #GreenQuartziteJewelry #GreenStoneJewelry #NaturalStoneAccessory #MinimalJewelry #GiftJewelry,https://mandalajewelshop.com/products/非洲翠水晶-diy手串发其一?utm_source=pinterest&utm_medium=organic_social&utm_campaign=active_exposure&utm_content=natural_stone_accessory,Vertical pin image: product close-up plus outfit detail,Draft
2026-06-24,Pinterest,非洲翠水晶-diy手串发其一,African Green Quartzite Beaded Bracelet | Natural Green Stone Jewelry,everyday jewelry,"A minimal green stone accessory for soft, polished looks",African Green Quartzite Beaded Bracelet | Natural Green Stone Jewelry styled as everyday jewelry. Save this idea for simple everyday jewelry inspiration.,Save this jewelry styling idea,#MandalaJewels #AfricanGreenQuartzite #GreenQuartziteJewelry #GreenStoneJewelry #NaturalStoneAccessory #MinimalJewelry #GiftJewelry,https://mandalajewelshop.com/products/非洲翠水晶-diy手串发其一?utm_source=pinterest&utm_medium=organic_social&utm_campaign=active_exposure&utm_content=everyday_jewelry,Vertical pin image: product close-up plus outfit detail,Draft
2026-06-25,Pinterest,非洲翠水晶-diy手串发其一,African Green Quartzite Beaded Bracelet | Natural Green Stone Jewelry,green stone jewelry,A natural green stone detail for simple everyday outfits,African Green Quartzite Beaded Bracelet | Natural Green Stone Jewelry styled as green stone jewelry. Save this idea for simple everyday jewelry inspiration.,Save this jewelry styling idea,#MandalaJewels #AfricanGreenQuartzite #GreenQuartziteJewelry #GreenStoneJewelry #NaturalStoneAccessory #MinimalJewelry #GiftJewelry,https://mandalajewelshop.com/products/非洲翠水晶-diy手串发其一?utm_source=pinterest&utm_medium=organic_social&utm_campaign=active_exposure&utm_content=green_stone_jewelry,Vertical pin image: product close-up plus outfit detail,Draft
2026-06-26,Pinterest,非洲翠水晶-diy手串发其一,African Green Quartzite Beaded Bracelet | Natural Green Stone Jewelry,minimalist styling,style African Green Quartzite without overthinking it,African Green Quartzite Beaded Bracelet | Natural Green Stone Jewelry styled as minimalist styling. Save this idea for simple everyday jewelry inspiration.,Save this jewelry styling idea,#MandalaJewels #AfricanGreenQuartzite #GreenQuartziteJewelry #GreenStoneJewelry #NaturalStoneAccessory #MinimalJewelry #GiftJewelry,https://mandalajewelshop.com/products/非洲翠水晶-diy手串发其一?utm_source=pinterest&utm_medium=organic_social&utm_campaign=active_exposure&utm_content=minimalist_styling,Vertical pin image: product close-up plus outfit detail,Draft
2026-06-05,Pinterest,石英质玉非洲翠合金手链,African Green Quartzite Beaded Bracelet | Natural Green Stone Jewelry,minimalist styling,A natural green stone detail for simple everyday outfits,African Green Quartzite Beaded Bracelet | Natural Green Stone Jewelry styled as minimalist styling. Save this idea for simple everyday jewelry inspiration.,Save this jewelry styling idea,#MandalaJewels #AfricanGreenQuartzite #GreenQuartziteJewelry #GreenStoneJewelry #NaturalStoneAccessory #MinimalJewelry #GiftJewelry,https://mandalajewelshop.com/products/石英质玉非洲翠合金手链?utm_source=pinterest&utm_medium=organic_social&utm_campaign=active_exposure&utm_content=minimalist_styling,Vertical pin image: product close-up plus outfit detail,Draft
2026-06-06,Pinterest,石英质玉非洲翠合金手链,African Green Quartzite Beaded Bracelet | Natural Green Stone Jewelry,gift for her,style African Green Quartzite without overthinking it,African Green Quartzite Beaded Bracelet | Natural Green Stone Jewelry styled as gift for her. Save this idea for simple everyday jewelry inspiration.,Save this jewelry styling idea,#MandalaJewels #AfricanGreenQuartzite #GreenQuartziteJewelry #GreenStoneJewelry #NaturalStoneAccessory #MinimalJewelry #GiftJewelry,https://mandalajewelshop.com/products/石英质玉非洲翠合金手链?utm_source=pinterest&utm_medium=organic_social&utm_campaign=active_exposure&utm_content=gift_for_her,Vertical pin image: product close-up plus outfit detail,Draft
2026-06-07,Pinterest,石英质玉非洲翠合金手链,African Green Quartzite Beaded Bracelet | Natural Green Stone Jewelry,natural stone accessory,"A minimal green stone accessory for soft, polished looks",African Green Quartzite Beaded Bracelet | Natural Green Stone Jewelry styled as natural stone accessory. Save this idea for simple everyday jewelry inspiration.,Save this jewelry styling idea,#MandalaJewels #AfricanGreenQuartzite #GreenQuartziteJewelry #GreenStoneJewelry #NaturalStoneAccessory #MinimalJewelry #GiftJewelry,https://mandalajewelshop.com/products/石英质玉非洲翠合金手链?utm_source=pinterest&utm_medium=organic_social&utm_campaign=active_exposure&utm_content=natural_stone_accessory,Vertical pin image: product close-up plus outfit detail,Draft
2026-06-08,Pinterest,石英质玉非洲翠合金手链,African Green Quartzite Beaded Bracelet | Natural Green Stone Jewelry,everyday jewelry,A natural green stone detail for simple everyday outfits,African Green Quartzite Beaded Bracelet | Natural Green Stone Jewelry styled as everyday jewelry. Save this idea for simple everyday jewelry inspiration.,Save this jewelry styling idea,#MandalaJewels #AfricanGreenQuartzite #GreenQuartziteJewelry #GreenStoneJewelry #NaturalStoneAccessory #MinimalJewelry #GiftJewelry,https://mandalajewelshop.com/products/石英质玉非洲翠合金手链?utm_source=pinterest&utm_medium=organic_social&utm_campaign=active_exposure&utm_content=everyday_jewelry,Vertical pin image: product close-up plus outfit detail,Draft
2026-06-09,Pinterest,石英质玉非洲翠合金手链,African Green Quartzite Beaded Bracelet | Natural Green Stone Jewelry,green stone jewelry,style African Green Quartzite without overthinking it,African Green Quartzite Beaded Bracelet | Natural Green Stone Jewelry styled as green stone jewelry. Save this idea for simple everyday jewelry inspiration.,Save this jewelry styling idea,#MandalaJewels #AfricanGreenQuartzite #GreenQuartziteJewelry #GreenStoneJewelry #NaturalStoneAccessory #MinimalJewelry #GiftJewelry,https://mandalajewelshop.com/products/石英质玉非洲翠合金手链?utm_source=pinterest&utm_medium=organic_social&utm_campaign=active_exposure&utm_content=green_stone_jewelry,Vertical pin image: product close-up plus outfit detail,Draft
2026-06-18,Pinterest,石英质玉非洲翠飘花手串,African Green Quartzite Beaded Bracelet | Natural Green Stone Jewelry,green stone jewelry,A natural green stone detail for simple everyday outfits,African Green Quartzite Beaded Bracelet | Natural Green Stone Jewelry styled as green stone jewelry. Save this idea for simple everyday jewelry inspiration.,Save this jewelry styling idea,#MandalaJewels #AfricanGreenQuartzite #GreenQuartziteJewelry #GreenStoneJewelry #NaturalStoneAccessory #MinimalJewelry #GiftJewelry,https://mandalajewelshop.com/products/石英质玉非洲翠飘花手串?utm_source=pinterest&utm_medium=organic_social&utm_campaign=active_exposure&utm_content=green_stone_jewelry,Vertical pin image: product close-up plus outfit detail,Draft
2026-06-19,Pinterest,石英质玉非洲翠飘花手串,African Green Quartzite Beaded Bracelet | Natural Green Stone Jewelry,minimalist styling,style African Green Quartzite without overthinking it,African Green Quartzite Beaded Bracelet | Natural Green Stone Jewelry styled as minimalist styling. Save this idea for simple everyday jewelry inspiration.,Save this jewelry styling idea,#MandalaJewels #AfricanGreenQuartzite #GreenQuartziteJewelry #GreenStoneJewelry #NaturalStoneAccessory #MinimalJewelry #GiftJewelry,https://mandalajewelshop.com/products/石英质玉非洲翠飘花手串?utm_source=pinterest&utm_medium=organic_social&utm_campaign=active_exposure&utm_content=minimalist_styling,Vertical pin image: product close-up plus outfit detail,Draft
2026-06-20,Pinterest,石英质玉非洲翠飘花手串,African Green Quartzite Beaded Bracelet | Natural Green Stone Jewelry,gift for her,"A minimal green stone accessory for soft, polished looks",African Green Quartzite Beaded Bracelet | Natural Green Stone Jewelry styled as gift for her. Save this idea for simple everyday jewelry inspiration.,Save this jewelry styling idea,#MandalaJewels #AfricanGreenQuartzite #GreenQuartziteJewelry #GreenStoneJewelry #NaturalStoneAccessory #MinimalJewelry #GiftJewelry,https://mandalajewelshop.com/products/石英质玉非洲翠飘花手串?utm_source=pinterest&utm_medium=organic_social&utm_campaign=active_exposure&utm_content=gift_for_her,Vertical pin image: product close-up plus outfit detail,Draft
2026-06-21,Pinterest,石英质玉非洲翠飘花手串,African Green Quartzite Beaded Bracelet | Natural Green Stone Jewelry,natural stone accessory,A natural green stone detail for simple everyday outfits,African Green Quartzite Beaded Bracelet | Natural Green Stone Jewelry styled as natural stone accessory. Save this idea for simple everyday jewelry inspiration.,Save this jewelry styling idea,#MandalaJewels #AfricanGreenQuartzite #GreenQuartziteJewelry #GreenStoneJewelry #NaturalStoneAccessory #MinimalJewelry #GiftJewelry,https://mandalajewelshop.com/products/石英质玉非洲翠飘花手串?utm_source=pinterest&utm_medium=organic_social&utm_campaign=active_exposure&utm_content=natural_stone_accessory,Vertical pin image: product close-up plus outfit detail,Draft
2026-06-22,Pinterest,石英质玉非洲翠飘花手串,African Green Quartzite Beaded Bracelet | Natural Green Stone Jewelry,everyday jewelry,style African Green Quartzite without overthinking it,African Green Quartzite Beaded Bracelet | Natural Green Stone Jewelry styled as everyday jewelry. Save this idea for simple everyday jewelry inspiration.,Save this jewelry styling idea,#MandalaJewels #AfricanGreenQuartzite #GreenQuartziteJewelry #GreenStoneJewelry #NaturalStoneAccessory #MinimalJewelry #GiftJewelry,https://mandalajewelshop.com/products/石英质玉非洲翠飘花手串?utm_source=pinterest&utm_medium=organic_social&utm_campaign=active_exposure&utm_content=everyday_jewelry,Vertical pin image: product close-up plus outfit detail,Draft
2026-06-01,Pinterest,石英质玉非洲翠缅黄多宝手串发其一多样性发货,African Green Quartzite Beaded Bracelet | Natural Green Stone Jewelry,everyday jewelry,A natural green stone detail for simple everyday outfits,African Green Quartzite Beaded Bracelet | Natural Green Stone Jewelry styled as everyday jewelry. Save this idea for simple everyday jewelry inspiration.,Save this jewelry styling idea,#MandalaJewels #AfricanGreenQuartzite #GreenQuartziteJewelry #GreenStoneJewelry #NaturalStoneAccessory #MinimalJewelry #GiftJewelry,https://mandalajewelshop.com/products/石英质玉非洲翠缅黄多宝手串发其一多样性发货?utm_source=pinterest&utm_medium=organic_social&utm_campaign=active_exposure&utm_content=everyday_jewelry,Vertical pin image: product close-up plus outfit detail,Draft
2026-06-02,Pinterest,石英质玉非洲翠缅黄多宝手串发其一多样性发货,African Green Quartzite Beaded Bracelet | Natural Green Stone Jewelry,green stone jewelry,style African Green Quartzite without overthinking it,African Green Quartzite Beaded Bracelet | Natural Green Stone Jewelry styled as green stone jewelry. Save this idea for simple everyday jewelry inspiration.,Save this jewelry styling idea,#MandalaJewels #AfricanGreenQuartzite #GreenQuartziteJewelry #GreenStoneJewelry #NaturalStoneAccessory #MinimalJewelry #GiftJewelry,https://mandalajewelshop.com/products/石英质玉非洲翠缅黄多宝手串发其一多样性发货?utm_source=pinterest&utm_medium=organic_social&utm_campaign=active_exposure&utm_content=green_stone_jewelry,Vertical pin image: product close-up plus outfit detail,Draft
2026-06-03,Pinterest,石英质玉非洲翠缅黄多宝手串发其一多样性发货,African Green Quartzite Beaded Bracelet | Natural Green Stone Jewelry,minimalist styling,"A minimal green stone accessory for soft, polished looks",African Green Quartzite Beaded Bracelet | Natural Green Stone Jewelry styled as minimalist styling. Save this idea for simple everyday jewelry inspiration.,Save this jewelry styling idea,#MandalaJewels #AfricanGreenQuartzite #GreenQuartziteJewelry #GreenStoneJewelry #NaturalStoneAccessory #MinimalJewelry #GiftJewelry,https://mandalajewelshop.com/products/石英质玉非洲翠缅黄多宝手串发其一多样性发货?utm_source=pinterest&utm_medium=organic_social&utm_campaign=active_exposure&utm_content=minimalist_styling,Vertical pin image: product close-up plus outfit detail,Draft
2026-06-04,Pinterest,石英质玉非洲翠缅黄多宝手串发其一多样性发货,African Green Quartzite Beaded Bracelet | Natural Green Stone Jewelry,gift for her,A natural green stone detail for simple everyday outfits,African Green Quartzite Beaded Bracelet | Natural Green Stone Jewelry styled as gift for her. Save this idea for simple everyday jewelry inspiration.,Save this jewelry styling idea,#MandalaJewels #AfricanGreenQuartzite #GreenQuartziteJewelry #GreenStoneJewelry #NaturalStoneAccessory #MinimalJewelry #GiftJewelry,https://mandalajewelshop.com/products/石英质玉非洲翠缅黄多宝手串发其一多样性发货?utm_source=pinterest&utm_medium=organic_social&utm_campaign=active_exposure&utm_content=gift_for_her,Vertical pin image: product close-up plus outfit detail,Draft
2026-06-05,Pinterest,石英质玉非洲翠缅黄多宝手串发其一多样性发货,African Green Quartzite Beaded Bracelet | Natural Green Stone Jewelry,natural stone accessory,style African Green Quartzite without overthinking it,African Green Quartzite Beaded Bracelet | Natural Green Stone Jewelry styled as natural stone accessory. Save this idea for simple everyday jewelry inspiration.,Save this jewelry styling idea,#MandalaJewels #AfricanGreenQuartzite #GreenQuartziteJewelry #GreenStoneJewelry #NaturalStoneAccessory #MinimalJewelry #GiftJewelry,https://mandalajewelshop.com/products/石英质玉非洲翠缅黄多宝手串发其一多样性发货?utm_source=pinterest&utm_medium=organic_social&utm_campaign=active_exposure&utm_content=natural_stone_accessory,Vertical pin image: product close-up plus outfit detail,Draft
2026-06-14,Pinterest,石英质玉非洲翠手串,African Green Quartzite Beaded Bracelet | Natural Green Stone Jewelry,natural stone accessory,A natural green stone detail for simple everyday outfits,African Green Quartzite Beaded Bracelet | Natural Green Stone Jewelry styled as natural stone accessory. Save this idea for simple everyday jewelry inspiration.,Save this jewelry styling idea,#MandalaJewels #AfricanGreenQuartzite #GreenQuartziteJewelry #GreenStoneJewelry #NaturalStoneAccessory #MinimalJewelry #GiftJewelry,https://mandalajewelshop.com/products/石英质玉非洲翠手串?utm_source=pinterest&utm_medium=organic_social&utm_campaign=active_exposure&utm_content=natural_stone_accessory,Vertical pin image: product close-up plus outfit detail,Draft
2026-06-15,Pinterest,石英质玉非洲翠手串,African Green Quartzite Beaded Bracelet | Natural Green Stone Jewelry,everyday jewelry,style African Green Quartzite without overthinking it,African Green Quartzite Beaded Bracelet | Natural Green Stone Jewelry styled as everyday jewelry. Save this idea for simple everyday jewelry inspiration.,Save this jewelry styling idea,#MandalaJewels #AfricanGreenQuartzite #GreenQuartziteJewelry #GreenStoneJewelry #NaturalStoneAccessory #MinimalJewelry #GiftJewelry,https://mandalajewelshop.com/products/石英质玉非洲翠手串?utm_source=pinterest&utm_medium=organic_social&utm_campaign=active_exposure&utm_content=everyday_jewelry,Vertical pin image: product close-up plus outfit detail,Draft
2026-06-16,Pinterest,石英质玉非洲翠手串,African Green Quartzite Beaded Bracelet | Natural Green Stone Jewelry,green stone jewelry,"A minimal green stone accessory for soft, polished looks",African Green Quartzite Beaded Bracelet | Natural Green Stone Jewelry styled as green stone jewelry. Save this idea for simple everyday jewelry inspiration.,Save this jewelry styling idea,#MandalaJewels #AfricanGreenQuartzite #GreenQuartziteJewelry #GreenStoneJewelry #NaturalStoneAccessory #MinimalJewelry #GiftJewelry,https://mandalajewelshop.com/products/石英质玉非洲翠手串?utm_source=pinterest&utm_medium=organic_social&utm_campaign=active_exposure&utm_content=green_stone_jewelry,Vertical pin image: product close-up plus outfit detail,Draft
2026-06-17,Pinterest,石英质玉非洲翠手串,African Green Quartzite Beaded Bracelet | Natural Green Stone Jewelry,minimalist styling,A natural green stone detail for simple everyday outfits,African Green Quartzite Beaded Bracelet | Natural Green Stone Jewelry styled as minimalist styling. Save this idea for simple everyday jewelry inspiration.,Save this jewelry styling idea,#MandalaJewels #AfricanGreenQuartzite #GreenQuartziteJewelry #GreenStoneJewelry #NaturalStoneAccessory #MinimalJewelry #GiftJewelry,https://mandalajewelshop.com/products/石英质玉非洲翠手串?utm_source=pinterest&utm_medium=organic_social&utm_campaign=active_exposure&utm_content=minimalist_styling,Vertical pin image: product close-up plus outfit detail,Draft
2026-06-18,Pinterest,石英质玉非洲翠手串,African Green Quartzite Beaded Bracelet | Natural Green Stone Jewelry,gift for her,style African Green Quartzite without overthinking it,African Green Quartzite Beaded Bracelet | Natural Green Stone Jewelry styled as gift for her. Save this idea for simple everyday jewelry inspiration.,Save this jewelry styling idea,#MandalaJewels #AfricanGreenQuartzite #GreenQuartziteJewelry #GreenStoneJewelry #NaturalStoneAccessory #MinimalJewelry #GiftJewelry,https://mandalajewelshop.com/products/石英质玉非洲翠手串?utm_source=pinterest&utm_medium=organic_social&utm_campaign=active_exposure&utm_content=gift_for_her,Vertical pin image: product close-up plus outfit detail,Draft
2026-06-27,Pinterest,石英质玉非洲翠百搭飘花手串发其一多样性发货,African Green Quartzite Beaded Bracelet | Natural Green Stone Jewelry,gift for her,A natural green stone detail for simple everyday outfits,African Green Quartzite Beaded Bracelet | Natural Green Stone Jewelry styled as gift for her. Save this idea for simple everyday jewelry inspiration.,Save this jewelry styling idea,#MandalaJewels #AfricanGreenQuartzite #GreenQuartziteJewelry #GreenStoneJewelry #NaturalStoneAccessory #MinimalJewelry #GiftJewelry,https://mandalajewelshop.com/products/石英质玉非洲翠百搭飘花手串发其一多样性发货?utm_source=pinterest&utm_medium=organic_social&utm_campaign=active_exposure&utm_content=gift_for_her,Vertical pin image: product close-up plus outfit detail,Draft
2026-05-29,Pinterest,石英质玉非洲翠百搭飘花手串发其一多样性发货,African Green Quartzite Beaded Bracelet | Natural Green Stone Jewelry,natural stone accessory,style African Green Quartzite without overthinking it,African Green Quartzite Beaded Bracelet | Natural Green Stone Jewelry styled as natural stone accessory. Save this idea for simple everyday jewelry inspiration.,Save this jewelry styling idea,#MandalaJewels #AfricanGreenQuartzite #GreenQuartziteJewelry #GreenStoneJewelry #NaturalStoneAccessory #MinimalJewelry #GiftJewelry,https://mandalajewelshop.com/products/石英质玉非洲翠百搭飘花手串发其一多样性发货?utm_source=pinterest&utm_medium=organic_social&utm_campaign=active_exposure&utm_content=natural_stone_accessory,Vertical pin image: product close-up plus outfit detail,Draft
2026-05-30,Pinterest,石英质玉非洲翠百搭飘花手串发其一多样性发货,African Green Quartzite Beaded Bracelet | Natural Green Stone Jewelry,everyday jewelry,"A minimal green stone accessory for soft, polished looks",African Green Quartzite Beaded Bracelet | Natural Green Stone Jewelry styled as everyday jewelry. Save this idea for simple everyday jewelry inspiration.,Save this jewelry styling idea,#MandalaJewels #AfricanGreenQuartzite #GreenQuartziteJewelry #GreenStoneJewelry #NaturalStoneAccessory #MinimalJewelry #GiftJewelry,https://mandalajewelshop.com/products/石英质玉非洲翠百搭飘花手串发其一多样性发货?utm_source=pinterest&utm_medium=organic_social&utm_campaign=active_exposure&utm_content=everyday_jewelry,Vertical pin image: product close-up plus outfit detail,Draft
2026-05-31,Pinterest,石英质玉非洲翠百搭飘花手串发其一多样性发货,African Green Quartzite Beaded Bracelet | Natural Green Stone Jewelry,green stone jewelry,A natural green stone detail for simple everyday outfits,African Green Quartzite Beaded Bracelet | Natural Green Stone Jewelry styled as green stone jewelry. Save this idea for simple everyday jewelry inspiration.,Save this jewelry styling idea,#MandalaJewels #AfricanGreenQuartzite #GreenQuartziteJewelry #GreenStoneJewelry #NaturalStoneAccessory #MinimalJewelry #GiftJewelry,https://mandalajewelshop.com/products/石英质玉非洲翠百搭飘花手串发其一多样性发货?utm_source=pinterest&utm_medium=organic_social&utm_campaign=active_exposure&utm_content=green_stone_jewelry,Vertical pin image: product close-up plus outfit detail,Draft
2026-06-01,Pinterest,石英质玉非洲翠百搭飘花手串发其一多样性发货,African Green Quartzite Beaded Bracelet | Natural Green Stone Jewelry,minimalist styling,style African Green Quartzite without overthinking it,African Green Quartzite Beaded Bracelet | Natural Green Stone Jewelry styled as minimalist styling. Save this idea for simple everyday jewelry inspiration.,Save this jewelry styling idea,#MandalaJewels #AfricanGreenQuartzite #GreenQuartziteJewelry #GreenStoneJewelry #NaturalStoneAccessory #MinimalJewelry #GiftJewelry,https://mandalajewelshop.com/products/石英质玉非洲翠百搭飘花手串发其一多样性发货?utm_source=pinterest&utm_medium=organic_social&utm_campaign=active_exposure&utm_content=minimalist_styling,Vertical pin image: product close-up plus outfit detail,Draft
2026-06-10,Pinterest,非洲翠圆珠飘花耳坠,African Green Quartzite Drop Earrings | Natural Green Stone Jewelry,minimalist styling,A natural green stone detail for simple everyday outfits,African Green Quartzite Drop Earrings | Natural Green Stone Jewelry styled as minimalist styling. Save this idea for simple everyday jewelry inspiration.,Save this jewelry styling idea,#MandalaJewels #AfricanGreenQuartzite #GreenQuartziteJewelry #GreenStoneJewelry #NaturalStoneAccessory #MinimalJewelry #GiftJewelry,https://mandalajewelshop.com/products/非洲翠圆珠飘花耳坠?utm_source=pinterest&utm_medium=organic_social&utm_campaign=active_exposure&utm_content=minimalist_styling,Vertical pin image: product close-up plus outfit detail,Draft
2026-06-11,Pinterest,非洲翠圆珠飘花耳坠,African Green Quartzite Drop Earrings | Natural Green Stone Jewelry,gift for her,style African Green Quartzite without overthinking it,African Green Quartzite Drop Earrings | Natural Green Stone Jewelry styled as gift for her. Save this idea for simple everyday jewelry inspiration.,Save this jewelry styling idea,#MandalaJewels #AfricanGreenQuartzite #GreenQuartziteJewelry #GreenStoneJewelry #NaturalStoneAccessory #MinimalJewelry #GiftJewelry,https://mandalajewelshop.com/products/非洲翠圆珠飘花耳坠?utm_source=pinterest&utm_medium=organic_social&utm_campaign=active_exposure&utm_content=gift_for_her,Vertical pin image: product close-up plus outfit detail,Draft
2026-06-12,Pinterest,非洲翠圆珠飘花耳坠,African Green Quartzite Drop Earrings | Natural Green Stone Jewelry,natural stone accessory,"A minimal green stone accessory for soft, polished looks",African Green Quartzite Drop Earrings | Natural Green Stone Jewelry styled as natural stone accessory. Save this idea for simple everyday jewelry inspiration.,Save this jewelry styling idea,#MandalaJewels #AfricanGreenQuartzite #GreenQuartziteJewelry #GreenStoneJewelry #NaturalStoneAccessory #MinimalJewelry #GiftJewelry,https://mandalajewelshop.com/products/非洲翠圆珠飘花耳坠?utm_source=pinterest&utm_medium=organic_social&utm_campaign=active_exposure&utm_content=natural_stone_accessory,Vertical pin image: product close-up plus outfit detail,Draft
2026-06-13,Pinterest,非洲翠圆珠飘花耳坠,African Green Quartzite Drop Earrings | Natural Green Stone Jewelry,everyday jewelry,A natural green stone detail for simple everyday outfits,African Green Quartzite Drop Earrings | Natural Green Stone Jewelry styled as everyday jewelry. Save this idea for simple everyday jewelry inspiration.,Save this jewelry styling idea,#MandalaJewels #AfricanGreenQuartzite #GreenQuartziteJewelry #GreenStoneJewelry #NaturalStoneAccessory #MinimalJewelry #GiftJewelry,https://mandalajewelshop.com/products/非洲翠圆珠飘花耳坠?utm_source=pinterest&utm_medium=organic_social&utm_campaign=active_exposure&utm_content=everyday_jewelry,Vertical pin image: product close-up plus outfit detail,Draft
2026-06-14,Pinterest,非洲翠圆珠飘花耳坠,African Green Quartzite Drop Earrings | Natural Green Stone Jewelry,green stone jewelry,style African Green Quartzite without overthinking it,African Green Quartzite Drop Earrings | Natural Green Stone Jewelry styled as green stone jewelry. Save this idea for simple everyday jewelry inspiration.,Save this jewelry styling idea,#MandalaJewels #AfricanGreenQuartzite #GreenQuartziteJewelry #GreenStoneJewelry #NaturalStoneAccessory #MinimalJewelry #GiftJewelry,https://mandalajewelshop.com/products/非洲翠圆珠飘花耳坠?utm_source=pinterest&utm_medium=organic_social&utm_campaign=active_exposure&utm_content=green_stone_jewelry,Vertical pin image: product close-up plus outfit detail,Draft
2026-06-23,Pinterest,石英质玉非洲翠飘花平安扣耳坠,African Green Quartzite Peace Buckle Earrings | Natural Green Stone Jewelry,green stone jewelry,A natural green stone detail for simple everyday outfits,African Green Quartzite Peace Buckle Earrings | Natural Green Stone Jewelry styled as green stone jewelry. Save this idea for simple everyday jewelry inspiration.,Save this jewelry styling idea,#MandalaJewels #AfricanGreenQuartzite #GreenQuartziteJewelry #GreenStoneJewelry #NaturalStoneAccessory #MinimalJewelry #GiftJewelry,https://mandalajewelshop.com/products/石英质玉非洲翠飘花平安扣耳坠?utm_source=pinterest&utm_medium=organic_social&utm_campaign=active_exposure&utm_content=green_stone_jewelry,Vertical pin image: product close-up plus outfit detail,Draft
2026-06-24,Pinterest,石英质玉非洲翠飘花平安扣耳坠,African Green Quartzite Peace Buckle Earrings | Natural Green Stone Jewelry,minimalist styling,style African Green Quartzite without overthinking it,African Green Quartzite Peace Buckle Earrings | Natural Green Stone Jewelry styled as minimalist styling. Save this idea for simple everyday jewelry inspiration.,Save this jewelry styling idea,#MandalaJewels #AfricanGreenQuartzite #GreenQuartziteJewelry #GreenStoneJewelry #NaturalStoneAccessory #MinimalJewelry #GiftJewelry,https://mandalajewelshop.com/products/石英质玉非洲翠飘花平安扣耳坠?utm_source=pinterest&utm_medium=organic_social&utm_campaign=active_exposure&utm_content=minimalist_styling,Vertical pin image: product close-up plus outfit detail,Draft
2026-06-25,Pinterest,石英质玉非洲翠飘花平安扣耳坠,African Green Quartzite Peace Buckle Earrings | Natural Green Stone Jewelry,gift for her,"A minimal green stone accessory for soft, polished looks",African Green Quartzite Peace Buckle Earrings | Natural Green Stone Jewelry styled as gift for her. Save this idea for simple everyday jewelry inspiration.,Save this jewelry styling idea,#MandalaJewels #AfricanGreenQuartzite #GreenQuartziteJewelry #GreenStoneJewelry #NaturalStoneAccessory #MinimalJewelry #GiftJewelry,https://mandalajewelshop.com/products/石英质玉非洲翠飘花平安扣耳坠?utm_source=pinterest&utm_medium=organic_social&utm_campaign=active_exposure&utm_content=gift_for_her,Vertical pin image: product close-up plus outfit detail,Draft
2026-06-26,Pinterest,石英质玉非洲翠飘花平安扣耳坠,African Green Quartzite Peace Buckle Earrings | Natural Green Stone Jewelry,natural stone accessory,A natural green stone detail for simple everyday outfits,African Green Quartzite Peace Buckle Earrings | Natural Green Stone Jewelry styled as natural stone accessory. Save this idea for simple everyday jewelry inspiration.,Save this jewelry styling idea,#MandalaJewels #AfricanGreenQuartzite #GreenQuartziteJewelry #GreenStoneJewelry #NaturalStoneAccessory #MinimalJewelry #GiftJewelry,https://mandalajewelshop.com/products/石英质玉非洲翠飘花平安扣耳坠?utm_source=pinterest&utm_medium=organic_social&utm_campaign=active_exposure&utm_content=natural_stone_accessory,Vertical pin image: product close-up plus outfit detail,Draft
2026-06-27,Pinterest,石英质玉非洲翠飘花平安扣耳坠,African Green Quartzite Peace Buckle Earrings | Natural Green Stone Jewelry,everyday jewelry,style African Green Quartzite without overthinking it,African Green Quartzite Peace Buckle Earrings | Natural Green Stone Jewelry styled as everyday jewelry. Save this idea for simple everyday jewelry inspiration.,Save this jewelry styling idea,#MandalaJewels #AfricanGreenQuartzite #GreenQuartziteJewelry #GreenStoneJewelry #NaturalStoneAccessory #MinimalJewelry #GiftJewelry,https://mandalajewelshop.com/products/石英质玉非洲翠飘花平安扣耳坠?utm_source=pinterest&utm_medium=organic_social&utm_campaign=active_exposure&utm_content=everyday_jewelry,Vertical pin image: product close-up plus outfit detail,Draft
2026-06-06,Pinterest,石英质玉非洲翠飘花银耳钉,African Green Quartzite Stud Earrings | Natural Green Stone Jewelry,everyday jewelry,A natural green stone detail for simple everyday outfits,African Green Quartzite Stud Earrings | Natural Green Stone Jewelry styled as everyday jewelry. Save this idea for simple everyday jewelry inspiration.,Save this jewelry styling idea,#MandalaJewels #AfricanGreenQuartzite #GreenQuartziteJewelry #GreenStoneJewelry #NaturalStoneAccessory #MinimalJewelry #GiftJewelry,https://mandalajewelshop.com/products/石英质玉非洲翠飘花银耳钉?utm_source=pinterest&utm_medium=organic_social&utm_campaign=active_exposure&utm_content=everyday_jewelry,Vertical pin image: product close-up plus outfit detail,Draft
2026-06-07,Pinterest,石英质玉非洲翠飘花银耳钉,African Green Quartzite Stud Earrings | Natural Green Stone Jewelry,green stone jewelry,style African Green Quartzite without overthinking it,African Green Quartzite Stud Earrings | Natural Green Stone Jewelry styled as green stone jewelry. Save this idea for simple everyday jewelry inspiration.,Save this jewelry styling idea,#MandalaJewels #AfricanGreenQuartzite #GreenQuartziteJewelry #GreenStoneJewelry #NaturalStoneAccessory #MinimalJewelry #GiftJewelry,https://mandalajewelshop.com/products/石英质玉非洲翠飘花银耳钉?utm_source=pinterest&utm_medium=organic_social&utm_campaign=active_exposure&utm_content=green_stone_jewelry,Vertical pin image: product close-up plus outfit detail,Draft
2026-06-08,Pinterest,石英质玉非洲翠飘花银耳钉,African Green Quartzite Stud Earrings | Natural Green Stone Jewelry,minimalist styling,"A minimal green stone accessory for soft, polished looks",African Green Quartzite Stud Earrings | Natural Green Stone Jewelry styled as minimalist styling. Save this idea for simple everyday jewelry inspiration.,Save this jewelry styling idea,#MandalaJewels #AfricanGreenQuartzite #GreenQuartziteJewelry #GreenStoneJewelry #NaturalStoneAccessory #MinimalJewelry #GiftJewelry,https://mandalajewelshop.com/products/石英质玉非洲翠飘花银耳钉?utm_source=pinterest&utm_medium=organic_social&utm_campaign=active_exposure&utm_content=minimalist_styling,Vertical pin image: product close-up plus outfit detail,Draft
2026-06-09,Pinterest,石英质玉非洲翠飘花银耳钉,African Green Quartzite Stud Earrings | Natural Green Stone Jewelry,gift for her,A natural green stone detail for simple everyday outfits,African Green Quartzite Stud Earrings | Natural Green Stone Jewelry styled as gift for her. Save this idea for simple everyday jewelry inspiration.,Save this jewelry styling idea,#MandalaJewels #AfricanGreenQuartzite #GreenQuartziteJewelry #GreenStoneJewelry #NaturalStoneAccessory #MinimalJewelry #GiftJewelry,https://mandalajewelshop.com/products/石英质玉非洲翠飘花银耳钉?utm_source=pinterest&utm_medium=organic_social&utm_campaign=active_exposure&utm_content=gift_for_her,Vertical pin image: product close-up plus outfit detail,Draft
2026-06-10,Pinterest,石英质玉非洲翠飘花银耳钉,African Green Quartzite Stud Earrings | Natural Green Stone Jewelry,natural stone accessory,style African Green Quartzite without overthinking it,African Green Quartzite Stud Earrings | Natural Green Stone Jewelry styled as natural stone accessory. Save this idea for simple everyday jewelry inspiration.,Save this jewelry styling idea,#MandalaJewels #AfricanGreenQuartzite #GreenQuartziteJewelry #GreenStoneJewelry #NaturalStoneAccessory #MinimalJewelry #GiftJewelry,https://mandalajewelshop.com/products/石英质玉非洲翠飘花银耳钉?utm_source=pinterest&utm_medium=organic_social&utm_campaign=active_exposure&utm_content=natural_stone_accessory,Vertical pin image: product close-up plus outfit detail,Draft
2026-06-19,Pinterest,非洲翠平安扣飘花吊坠,African Green Quartzite Peace Buckle Pendant | Natural Green Stone Necklace,natural stone accessory,A natural green stone detail for simple everyday outfits,African Green Quartzite Peace Buckle Pendant | Natural Green Stone Necklace styled as natural stone accessory. Save this idea for simple everyday jewelry inspiration.,Save this jewelry styling idea,#MandalaJewels #AfricanGreenQuartzite #GreenQuartziteJewelry #GreenStoneJewelry #NaturalStoneAccessory #MinimalJewelry #GiftJewelry,https://mandalajewelshop.com/products/非洲翠平安扣飘花吊坠?utm_source=pinterest&utm_medium=organic_social&utm_campaign=active_exposure&utm_content=natural_stone_accessory,Vertical pin image: product close-up plus outfit detail,Draft
2026-06-20,Pinterest,非洲翠平安扣飘花吊坠,African Green Quartzite Peace Buckle Pendant | Natural Green Stone Necklace,everyday jewelry,style African Green Quartzite without overthinking it,African Green Quartzite Peace Buckle Pendant | Natural Green Stone Necklace styled as everyday jewelry. Save this idea for simple everyday jewelry inspiration.,Save this jewelry styling idea,#MandalaJewels #AfricanGreenQuartzite #GreenQuartziteJewelry #GreenStoneJewelry #NaturalStoneAccessory #MinimalJewelry #GiftJewelry,https://mandalajewelshop.com/products/非洲翠平安扣飘花吊坠?utm_source=pinterest&utm_medium=organic_social&utm_campaign=active_exposure&utm_content=everyday_jewelry,Vertical pin image: product close-up plus outfit detail,Draft
2026-06-21,Pinterest,非洲翠平安扣飘花吊坠,African Green Quartzite Peace Buckle Pendant | Natural Green Stone Necklace,green stone jewelry,"A minimal green stone accessory for soft, polished looks",African Green Quartzite Peace Buckle Pendant | Natural Green Stone Necklace styled as green stone jewelry. Save this idea for simple everyday jewelry inspiration.,Save this jewelry styling idea,#MandalaJewels #AfricanGreenQuartzite #GreenQuartziteJewelry #GreenStoneJewelry #NaturalStoneAccessory #MinimalJewelry #GiftJewelry,https://mandalajewelshop.com/products/非洲翠平安扣飘花吊坠?utm_source=pinterest&utm_medium=organic_social&utm_campaign=active_exposure&utm_content=green_stone_jewelry,Vertical pin image: product close-up plus outfit detail,Draft
2026-06-22,Pinterest,非洲翠平安扣飘花吊坠,African Green Quartzite Peace Buckle Pendant | Natural Green Stone Necklace,minimalist styling,A natural green stone detail for simple everyday outfits,African Green Quartzite Peace Buckle Pendant | Natural Green Stone Necklace styled as minimalist styling. Save this idea for simple everyday jewelry inspiration.,Save this jewelry styling idea,#MandalaJewels #AfricanGreenQuartzite #GreenQuartziteJewelry #GreenStoneJewelry #NaturalStoneAccessory #MinimalJewelry #GiftJewelry,https://mandalajewelshop.com/products/非洲翠平安扣飘花吊坠?utm_source=pinterest&utm_medium=organic_social&utm_campaign=active_exposure&utm_content=minimalist_styling,Vertical pin image: product close-up plus outfit detail,Draft
2026-06-23,Pinterest,非洲翠平安扣飘花吊坠,African Green Quartzite Peace Buckle Pendant | Natural Green Stone Necklace,gift for her,style African Green Quartzite without overthinking it,African Green Quartzite Peace Buckle Pendant | Natural Green Stone Necklace styled as gift for her. Save this idea for simple everyday jewelry inspiration.,Save this jewelry styling idea,#MandalaJewels #AfricanGreenQuartzite #GreenQuartziteJewelry #GreenStoneJewelry #NaturalStoneAccessory #MinimalJewelry #GiftJewelry,https://mandalajewelshop.com/products/非洲翠平安扣飘花吊坠?utm_source=pinterest&utm_medium=organic_social&utm_campaign=active_exposure&utm_content=gift_for_her,Vertical pin image: product close-up plus outfit detail,Draft
2026-06-02,Pinterest,石英质玉非洲翠飘花珠子合金项链款1,African Green Quartzite Pendant | Natural Green Stone Necklace,gift for her,A natural green stone detail for simple everyday outfits,African Green Quartzite Pendant | Natural Green Stone Necklace styled as gift for her. Save this idea for simple everyday jewelry inspiration.,Save this jewelry styling idea,#MandalaJewels #AfricanGreenQuartzite #GreenQuartziteJewelry #GreenStoneJewelry #NaturalStoneAccessory #MinimalJewelry #GiftJewelry,https://mandalajewelshop.com/products/石英质玉非洲翠飘花珠子合金项链款1?utm_source=pinterest&utm_medium=organic_social&utm_campaign=active_exposure&utm_content=gift_for_her,Vertical pin image: product close-up plus outfit detail,Draft
2026-06-03,Pinterest,石英质玉非洲翠飘花珠子合金项链款1,African Green Quartzite Pendant | Natural Green Stone Necklace,natural stone accessory,style African Green Quartzite without overthinking it,African Green Quartzite Pendant | Natural Green Stone Necklace styled as natural stone accessory. Save this idea for simple everyday jewelry inspiration.,Save this jewelry styling idea,#MandalaJewels #AfricanGreenQuartzite #GreenQuartziteJewelry #GreenStoneJewelry #NaturalStoneAccessory #MinimalJewelry #GiftJewelry,https://mandalajewelshop.com/products/石英质玉非洲翠飘花珠子合金项链款1?utm_source=pinterest&utm_medium=organic_social&utm_campaign=active_exposure&utm_content=natural_stone_accessory,Vertical pin image: product close-up plus outfit detail,Draft
2026-06-04,Pinterest,石英质玉非洲翠飘花珠子合金项链款1,African Green Quartzite Pendant | Natural Green Stone Necklace,everyday jewelry,"A minimal green stone accessory for soft, polished looks",African Green Quartzite Pendant | Natural Green Stone Necklace styled as everyday jewelry. Save this idea for simple everyday jewelry inspiration.,Save this jewelry styling idea,#MandalaJewels #AfricanGreenQuartzite #GreenQuartziteJewelry #GreenStoneJewelry #NaturalStoneAccessory #MinimalJewelry #GiftJewelry,https://mandalajewelshop.com/products/石英质玉非洲翠飘花珠子合金项链款1?utm_source=pinterest&utm_medium=organic_social&utm_campaign=active_exposure&utm_content=everyday_jewelry,Vertical pin image: product close-up plus outfit detail,Draft
2026-06-05,Pinterest,石英质玉非洲翠飘花珠子合金项链款1,African Green Quartzite Pendant | Natural Green Stone Necklace,green stone jewelry,A natural green stone detail for simple everyday outfits,African Green Quartzite Pendant | Natural Green Stone Necklace styled as green stone jewelry. Save this idea for simple everyday jewelry inspiration.,Save this jewelry styling idea,#MandalaJewels #AfricanGreenQuartzite #GreenQuartziteJewelry #GreenStoneJewelry #NaturalStoneAccessory #MinimalJewelry #GiftJewelry,https://mandalajewelshop.com/products/石英质玉非洲翠飘花珠子合金项链款1?utm_source=pinterest&utm_medium=organic_social&utm_campaign=active_exposure&utm_content=green_stone_jewelry,Vertical pin image: product close-up plus outfit detail,Draft
2026-06-06,Pinterest,石英质玉非洲翠飘花珠子合金项链款1,African Green Quartzite Pendant | Natural Green Stone Necklace,minimalist styling,style African Green Quartzite without overthinking it,African Green Quartzite Pendant | Natural Green Stone Necklace styled as minimalist styling. Save this idea for simple everyday jewelry inspiration.,Save this jewelry styling idea,#MandalaJewels #AfricanGreenQuartzite #GreenQuartziteJewelry #GreenStoneJewelry #NaturalStoneAccessory #MinimalJewelry #GiftJewelry,https://mandalajewelshop.com/products/石英质玉非洲翠飘花珠子合金项链款1?utm_source=pinterest&utm_medium=organic_social&utm_campaign=active_exposure&utm_content=minimalist_styling,Vertical pin image: product close-up plus outfit detail,Draft
2026-06-15,Pinterest,石英质玉非洲翠合金圆珠吊坠,African Green Quartzite Round Bead Pendant | Natural Green Stone Necklace,minimalist styling,A natural green stone detail for simple everyday outfits,African Green Quartzite Round Bead Pendant | Natural Green Stone Necklace styled as minimalist styling. Save this idea for simple everyday jewelry inspiration.,Save this jewelry styling idea,#MandalaJewels #AfricanGreenQuartzite #GreenQuartziteJewelry #GreenStoneJewelry #NaturalStoneAccessory #MinimalJewelry #GiftJewelry,https://mandalajewelshop.com/products/石英质玉非洲翠合金圆珠吊坠?utm_source=pinterest&utm_medium=organic_social&utm_campaign=active_exposure&utm_content=minimalist_styling,Vertical pin image: product close-up plus outfit detail,Draft
2026-06-16,Pinterest,石英质玉非洲翠合金圆珠吊坠,African Green Quartzite Round Bead Pendant | Natural Green Stone Necklace,gift for her,style African Green Quartzite without overthinking it,African Green Quartzite Round Bead Pendant | Natural Green Stone Necklace styled as gift for her. Save this idea for simple everyday jewelry inspiration.,Save this jewelry styling idea,#MandalaJewels #AfricanGreenQuartzite #GreenQuartziteJewelry #GreenStoneJewelry #NaturalStoneAccessory #MinimalJewelry #GiftJewelry,https://mandalajewelshop.com/products/石英质玉非洲翠合金圆珠吊坠?utm_source=pinterest&utm_medium=organic_social&utm_campaign=active_exposure&utm_content=gift_for_her,Vertical pin image: product close-up plus outfit detail,Draft
2026-06-17,Pinterest,石英质玉非洲翠合金圆珠吊坠,African Green Quartzite Round Bead Pendant | Natural Green Stone Necklace,natural stone accessory,"A minimal green stone accessory for soft, polished looks",African Green Quartzite Round Bead Pendant | Natural Green Stone Necklace styled as natural stone accessory. Save this idea for simple everyday jewelry inspiration.,Save this jewelry styling idea,#MandalaJewels #AfricanGreenQuartzite #GreenQuartziteJewelry #GreenStoneJewelry #NaturalStoneAccessory #MinimalJewelry #GiftJewelry,https://mandalajewelshop.com/products/石英质玉非洲翠合金圆珠吊坠?utm_source=pinterest&utm_medium=organic_social&utm_campaign=active_exposure&utm_content=natural_stone_accessory,Vertical pin image: product close-up plus outfit detail,Draft
2026-06-18,Pinterest,石英质玉非洲翠合金圆珠吊坠,African Green Quartzite Round Bead Pendant | Natural Green Stone Necklace,everyday jewelry,A natural green stone detail for simple everyday outfits,African Green Quartzite Round Bead Pendant | Natural Green Stone Necklace styled as everyday jewelry. Save this idea for simple everyday jewelry inspiration.,Save this jewelry styling idea,#MandalaJewels #AfricanGreenQuartzite #GreenQuartziteJewelry #GreenStoneJewelry #NaturalStoneAccessory #MinimalJewelry #GiftJewelry,https://mandalajewelshop.com/products/石英质玉非洲翠合金圆珠吊坠?utm_source=pinterest&utm_medium=organic_social&utm_campaign=active_exposure&utm_content=everyday_jewelry,Vertical pin image: product close-up plus outfit detail,Draft
2026-06-19,Pinterest,石英质玉非洲翠合金圆珠吊坠,African Green Quartzite Round Bead Pendant | Natural Green Stone Necklace,green stone jewelry,style African Green Quartzite without overthinking it,African Green Quartzite Round Bead Pendant | Natural Green Stone Necklace styled as green stone jewelry. Save this idea for simple everyday jewelry inspiration.,Save this jewelry styling idea,#MandalaJewels #AfricanGreenQuartzite #GreenQuartziteJewelry #GreenStoneJewelry #NaturalStoneAccessory #MinimalJewelry #GiftJewelry,https://mandalajewelshop.com/products/石英质玉非洲翠合金圆珠吊坠?utm_source=pinterest&utm_medium=organic_social&utm_campaign=active_exposure&utm_content=green_stone_jewelry,Vertical pin image: product close-up plus outfit detail,Draft
2026-05-29,Pinterest,非洲翠无事牌吊坠,African Green Quartzite Tablet Pendant | Minimal Green Stone Necklace,green stone jewelry,A natural green stone detail for simple everyday outfits,African Green Quartzite Tablet Pendant | Minimal Green Stone Necklace styled as green stone jewelry. Save this idea for simple everyday jewelry inspiration.,Save this jewelry styling idea,#MandalaJewels #AfricanGreenQuartzite #GreenQuartziteJewelry #GreenStoneJewelry #NaturalStoneAccessory #MinimalJewelry #GiftJewelry,https://mandalajewelshop.com/products/非洲翠无事牌吊坠?utm_source=pinterest&utm_medium=organic_social&utm_campaign=active_exposure&utm_content=green_stone_jewelry,Vertical pin image: product close-up plus outfit detail,Draft
2026-05-30,Pinterest,非洲翠无事牌吊坠,African Green Quartzite Tablet Pendant | Minimal Green Stone Necklace,minimalist styling,style African Green Quartzite without overthinking it,African Green Quartzite Tablet Pendant | Minimal Green Stone Necklace styled as minimalist styling. Save this idea for simple everyday jewelry inspiration.,Save this jewelry styling idea,#MandalaJewels #AfricanGreenQuartzite #GreenQuartziteJewelry #GreenStoneJewelry #NaturalStoneAccessory #MinimalJewelry #GiftJewelry,https://mandalajewelshop.com/products/非洲翠无事牌吊坠?utm_source=pinterest&utm_medium=organic_social&utm_campaign=active_exposure&utm_content=minimalist_styling,Vertical pin image: product close-up plus outfit detail,Draft
2026-05-31,Pinterest,非洲翠无事牌吊坠,African Green Quartzite Tablet Pendant | Minimal Green Stone Necklace,gift for her,"A minimal green stone accessory for soft, polished looks",African Green Quartzite Tablet Pendant | Minimal Green Stone Necklace styled as gift for her. Save this idea for simple everyday jewelry inspiration.,Save this jewelry styling idea,#MandalaJewels #AfricanGreenQuartzite #GreenQuartziteJewelry #GreenStoneJewelry #NaturalStoneAccessory #MinimalJewelry #GiftJewelry,https://mandalajewelshop.com/products/非洲翠无事牌吊坠?utm_source=pinterest&utm_medium=organic_social&utm_campaign=active_exposure&utm_content=gift_for_her,Vertical pin image: product close-up plus outfit detail,Draft
2026-06-01,Pinterest,非洲翠无事牌吊坠,African Green Quartzite Tablet Pendant | Minimal Green Stone Necklace,natural stone accessory,A natural green stone detail for simple everyday outfits,African Green Quartzite Tablet Pendant | Minimal Green Stone Necklace styled as natural stone accessory. Save this idea for simple everyday jewelry inspiration.,Save this jewelry styling idea,#MandalaJewels #AfricanGreenQuartzite #GreenQuartziteJewelry #GreenStoneJewelry #NaturalStoneAccessory #MinimalJewelry #GiftJewelry,https://mandalajewelshop.com/products/非洲翠无事牌吊坠?utm_source=pinterest&utm_medium=organic_social&utm_campaign=active_exposure&utm_content=natural_stone_accessory,Vertical pin image: product close-up plus outfit detail,Draft
2026-06-02,Pinterest,非洲翠无事牌吊坠,African Green Quartzite Tablet Pendant | Minimal Green Stone Necklace,everyday jewelry,style African Green Quartzite without overthinking it,African Green Quartzite Tablet Pendant | Minimal Green Stone Necklace styled as everyday jewelry. Save this idea for simple everyday jewelry inspiration.,Save this jewelry styling idea,#MandalaJewels #AfricanGreenQuartzite #GreenQuartziteJewelry #GreenStoneJewelry #NaturalStoneAccessory #MinimalJewelry #GiftJewelry,https://mandalajewelshop.com/products/非洲翠无事牌吊坠?utm_source=pinterest&utm_medium=organic_social&utm_campaign=active_exposure&utm_content=everyday_jewelry,Vertical pin image: product close-up plus outfit detail,Draft
2026-06-11,Pinterest,石英质玉非洲翠戒圈-1,African Green Quartzite Ring | Minimal Green Stone Jewelry,everyday jewelry,A natural green stone detail for simple everyday outfits,African Green Quartzite Ring | Minimal Green Stone Jewelry styled as everyday jewelry. Save this idea for simple everyday jewelry inspiration.,Save this jewelry styling idea,#MandalaJewels #AfricanGreenQuartzite #GreenQuartziteJewelry #GreenStoneJewelry #NaturalStoneAccessory #MinimalJewelry #GiftJewelry,https://mandalajewelshop.com/products/石英质玉非洲翠戒圈-1?utm_source=pinterest&utm_medium=organic_social&utm_campaign=active_exposure&utm_content=everyday_jewelry,Vertical pin image: product close-up plus outfit detail,Draft
2026-06-12,Pinterest,石英质玉非洲翠戒圈-1,African Green Quartzite Ring | Minimal Green Stone Jewelry,green stone jewelry,style African Green Quartzite without overthinking it,African Green Quartzite Ring | Minimal Green Stone Jewelry styled as green stone jewelry. Save this idea for simple everyday jewelry inspiration.,Save this jewelry styling idea,#MandalaJewels #AfricanGreenQuartzite #GreenQuartziteJewelry #GreenStoneJewelry #NaturalStoneAccessory #MinimalJewelry #GiftJewelry,https://mandalajewelshop.com/products/石英质玉非洲翠戒圈-1?utm_source=pinterest&utm_medium=organic_social&utm_campaign=active_exposure&utm_content=green_stone_jewelry,Vertical pin image: product close-up plus outfit detail,Draft
2026-06-13,Pinterest,石英质玉非洲翠戒圈-1,African Green Quartzite Ring | Minimal Green Stone Jewelry,minimalist styling,"A minimal green stone accessory for soft, polished looks",African Green Quartzite Ring | Minimal Green Stone Jewelry styled as minimalist styling. Save this idea for simple everyday jewelry inspiration.,Save this jewelry styling idea,#MandalaJewels #AfricanGreenQuartzite #GreenQuartziteJewelry #GreenStoneJewelry #NaturalStoneAccessory #MinimalJewelry #GiftJewelry,https://mandalajewelshop.com/products/石英质玉非洲翠戒圈-1?utm_source=pinterest&utm_medium=organic_social&utm_campaign=active_exposure&utm_content=minimalist_styling,Vertical pin image: product close-up plus outfit detail,Draft
2026-06-14,Pinterest,石英质玉非洲翠戒圈-1,African Green Quartzite Ring | Minimal Green Stone Jewelry,gift for her,A natural green stone detail for simple everyday outfits,African Green Quartzite Ring | Minimal Green Stone Jewelry styled as gift for her. Save this idea for simple everyday jewelry inspiration.,Save this jewelry styling idea,#MandalaJewels #AfricanGreenQuartzite #GreenQuartziteJewelry #GreenStoneJewelry #NaturalStoneAccessory #MinimalJewelry #GiftJewelry,https://mandalajewelshop.com/products/石英质玉非洲翠戒圈-1?utm_source=pinterest&utm_medium=organic_social&utm_campaign=active_exposure&utm_content=gift_for_her,Vertical pin image: product close-up plus outfit detail,Draft
2026-06-15,Pinterest,石英质玉非洲翠戒圈-1,African Green Quartzite Ring | Minimal Green Stone Jewelry,natural stone accessory,style African Green Quartzite without overthinking it,African Green Quartzite Ring | Minimal Green Stone Jewelry styled as natural stone accessory. Save this idea for simple everyday jewelry inspiration.,Save this jewelry styling idea,#MandalaJewels #AfricanGreenQuartzite #GreenQuartziteJewelry #GreenStoneJewelry #NaturalStoneAccessory #MinimalJewelry #GiftJewelry,https://mandalajewelshop.com/products/石英质玉非洲翠戒圈-1?utm_source=pinterest&utm_medium=organic_social&utm_campaign=active_exposure&utm_content=natural_stone_accessory,Vertical pin image: product close-up plus outfit detail,Draft
